Bright, Brown, Browne, Brushfire, Camp, Campman, Canyon, Cricketts, Crickets, Dunes, Doons, Doones, Dunne, Dunneman, Flats, Fox, Foxx, Gold, Golden, Grey, Gray, Gulch, Gully, Hardy, Hills, Hill, Hopper, Hunter, Huntsman, March, Marcher, Moon, Redmoon, Palmer, Palms, Peartree, Pearman, Redd, Red, Rider, Ryder, Rock, Rockman, Rock, Rockman, Rocker, Sands, Scales, Redscale, Greyscale, Singer, Small, Smalls, Star, Starr, Stone, Stoneman, Storm, Storms, Strider, Stryder, Sunn, Sunner, Tumbleweed, Walker, Water, Watters, Appletree, Appler, Applin, Barley, Barleycorn, Barleywine, Barns, Barnes, Barnard, Beans, Beanman, Beanstalk, Berry, Berryland, Bloom, Bloomland, Brown, Brownland, Brownard, Bull, Bullyard, Cabbage, Kabbage, Cotton, Cottonseed, Croppe, Cropman, Dairyman, Darryman, Darry, Derry, Farmer, Farmor, Fields, Fielder, Fieldman, Flats, Redflats, Sandflats, Stoneflats, Flowers, Gardner, Gardener, Gardiner, Green, Greene, Greenland, Greenyard, Grove, Groveland, Hays, Hayes, Hayward, Henkeeper, Hennerman, Herd, Hurd, Herdland, Land, Lander, Mares, Mayr, Mair, Meadows, Milk, Millet, Millett, Mills, Miller, Millard, Neeps, Neepland, Nutt, Nutman, Oates, Oats, Overland, Overfield, Peartree, Pearman, Pease, Peapod, Peabody, Picket, Picketts, Pickens, Pickman, Plant, Planter, Ploughman, Plowman, Plougherman, Pollen, Pollin, Polly, Pollard, Rains, Raines, Rayns, Raynes, Rainard, Root, Roote, Rutland, Shepherd, Shepard, Shepyrd, Shearer, Sheerer, Shears, Sheers, Sower, Soward, Tate, Tater, Thresh, Threshett, Tiller, Tillman, Vines, Vineland, Wheatley, Wheatly, Wheat, Whittaker, Whitard, Winnows, Winnower, Wool, Woolard, Yardly, Yardley, Yards, Ales, Aleman, Aler, Baker, Bake, Bakeler, Barr, Barre, Barman, Berry, Berryman, Berriman, Boyle, Boiles, Boyles, Brewer, Brewster, Broyles, Broiles, Broyler, Butcher, Butchett, Cook, Dice, Dougherman, Dougher, Fry, Frey, Fryman, Gardner, Gardener, Gardiner, Grills, Grillett, Innes, Innman, Inman, Kettle, Kettleblack, Kettleman, Kneadler, Kneadman, Milk, Miller, Mills, Miller, Palewine, Pan, Pannerman, Panning, Peppers, Pepper, Pickler, Pickleman, Pickles, Pieman, Piemaker, Potts, Pott, Potter, Redwine, Roasterman, Salt, Salter, Simms, Simmerman, Slaughter, Smoke, Smoker, Vines, Vintner, Vinaker Winaker, Wineman, Biggs, Bigg, Byggs, Camp, Campman, Coates, Frost, Furrs, Furrman, Graysky, Whitesky, Blacksky, Grey, Gray, Hardy, Hardison, Hardland, Harland, Hills, Hill, Hylls, Hunter, Huntsman, Ice, Iceland, Icewind, Icecutter, Yceland, Ycewind, Ycecutter, Longnight, Longdark, Moon, Wintermoon, North, Northman, Norman, Northland, Norland, Pix, Pickman, Pickes, Pyckes, Seales, Seals, Silver, Silvermoon, Sylver, Snow, Snowes, Star, Starr, Northstar, Stone, Stoneman, Strider, Stryder, Walker, White, Whyte, Winter, Winters, Wynters, Bobbin, Bolt, Bolte, Bolter, Button, Buttonworth, Capers, Coates, Cotton, Dyer, Dye, Dyeworth, Dyerson, Dyson, Felter, Felterman, Glover, Hatter, Hatty, Hattiman, Hatson, Hemmings, Hemings, Hemson, Hyde, Hides, Hydes, Leathers, Lethers, Mercer, Needleman, Needler, Needleworth, Seams, Seems, Seemworth, Shearer, Sheerer, Shears, Sheers, Shoemaker, Stitches, Stitchworth, Tailor, Taylor, Tanner, Tannerman, Thredd, Threddler, Threddman, Threddaker, Weaver, Weever, Wool, Woolworth, Yardly, Yardley, Yards, Bay, Bayes, Bayer, Bayers, Beacher, Beach, Blue, Bowman, Castaway, Crabb, Crab, Crest, Days, Dayes, Dunes, Doons, Doones, Dunne, Dunneman, Eddy, Fisher, Fishman, Flowers, Harper, Hook, Hooke, Iles, Isles, Ailes, Mast, Palmer, Palms, Rafman, Raftman, Reel, Reelings, Salt, Seasalt, Sands, Sandman, Seabreeze, Shell, Shellman, Shellmound, Sheller, Shelley, Shoals, Singer, Star, Starr, Stern, Sterne, Stillwater, Storm, Storms, Summers, Sunn, Sunner, Swimmer, Shwimmer, Swymmer, Tidewater, Waters, Watters, Waterman, Arch, Archmaker, Baskett, Basket, Bilder, Builder, Bulder, Bilds, Blow, Brickman, Bricker, Brycks, Bricks, Burgh, Berg, Burg, Burgher, Berger, Burger, Carpenter, Chandler, Candler, Clay, Cooper, Crafter, Glass, Glazier, Glasier, Hammer, Maker, Mason, Masen, Masyn, Potts, Pott, Potter, Quarrier, Quarryman, Rock, Rockman, Rocker, Roof, Roofe, Sawyer, Stone, Stoneman, Townes, Towns, Towny, Wahl, Wall, Wahls, Walls, Waller, Waxman, Wax, Wackes, Wood, Woods, Billy, Billie, Bluffe, Bluffclimber, Boulder, Bulder, Camp, Campman, Claymer, Clayms, Claimer, Cole, Coler, Coleman, Coalman, Coaler, Coaldigger, Coledegger, Condor, Condorman, Cragg, Cragman, Diggs, Digger, Diggman, Digger, Diggett, Dragonhoard, Dragonhord, Dragon, Drake, Dredge, Dredger, Hall, Haul, Heights, Hights, Hytes, Hites, Highland, Hills, Hill, Hillclimber, Hylltopper, Hoard, Hord, Hoar, Hoardigger, Hordegger, Kidd, Kipman, Kipper, Kipson, Kopperfield, Miner, Myner, Mynor, Minor, Mole, Moler, Moller, Molson, Molsen, Ores, Orr, Orrs, Oredigger, Orrdegger, Orson, Orrsen, Pan, Pans, Pannerman, Panning, Peaks, Peeks, Pike, Pyke, Pikeclimber, Pyketopper, Pix, Pickman, Pickes, Pyckes, Pickens, Quarrier, Quarryman, Ridge, Ridgeclimber, Ridgetopper, Rock, Rockman, Rocker, Rockridge, Snow, Snowes, Spade, Spader Springs, Springer, Stone, Stoneman, Underhill, Underwood, Underman, Walker, Barr, Barre, Cash, Copper, Coppers, Curry, Deals, Deels, Deel, Deelaker, Deelman. Diamond, Glass, Glazier, Glasier, Gold, Golden, Goldsmith, Goldman, Jewels, Jules, Jewls, Lender, Lenderman, Lynder, Mercer, Money, Munny, Monny, Munnee, Monnee, Peppers, Pepper, Rich, Richman, Richett, Riches, Saffron, Sage, Salt, Scales, Shine, Ships, Schipps, Shipps, Shipman, Schippman, Silver, Sylver, Silverman, Small, Smalls, Spicer, Spiceman, Star, Starr, Thyme, Ware, Wool, Altarside, Altarworthy, Beacon, Beecon, Beeken, Bell, Bolt, Bolte, Bolter, Bones, Bright, Burns, Cast, Caster, Kast, Chaplain, Chaplin, Church, Churchside, Darko, Darkstar, Darker, Darkbrother, Deacon, Deecon, Deeken, Drake, Draco, Dragon, Dreamer, Dreemer, Dreems, Goodbrother, Goodman, Hecks, Heckes, Hex, Holiday, Holliday, Holyday, Hollier, Holly, Holier, Hollison, Hood, Kearse, Kerse, Kerser, Curser, Monk, Munk, Nunn, Nun, Powers, Preacher, Preecher, Priest, Preest, Sage, Sageworthy, Saint, School, Skool, Skolar, Scholyr, Shock, Shocker, Shaka, Skelton, Skeltyn, Smart, Spelling, Speller, Star, Starr, Brightstar, Teech, Teeches, Theery, Tinker, Tutor, Tudor, Vickers, Vykar, Vicker, Vikars, Wise, Overwise, Worthy, Zapp, Zappa, Banks, Bankes, Bend, Benderman, Blue, Bridges, Cray, Craw, Eddy, Ferryman, Ferrimen, Ferry, Fisher, Fishman, Flowers, Garr, Hook, Hooke, Hopper, Iles, Isles, Ailes, Mills, Miller, Oars, Orrs, Orr, Oxbow, Piers, Peers, Poleman, Polman, Porter, Rafman, Raftman, Reed, Reede, Reedy, Reel, Reelings, River, Rivers, Salmon, Shell, Shellman, Sheller, Shelley, Silver, Silvermoon, Small, Smalls, Snails, Snailman, Spanner, Stillwater, Streams, Streems, Swimmer, Shwimmer, Swymmer, Trout, Waters, Watters, Waterman, Whitewater, Wurms, Worms, Anchor, Ankor, Anker, Ballast, Bay, Bayes, Bayer, Bayers, Beacon, Biggs, Bigg, Brigg, Briggs, Bowman, Capp, Capman, Castaway, Crabb, Crab, Crabber, Crabman, Crest, Darkwater, Decks, Decker, Eddy, Ferryman, Ferrimen, Ferry, Fisher, Fishman, Hardy, Hardison, Harper, Helms, Helmsman, Hook, Hooke, Iles, Isles, Ailes, Mast, Oars, Orrs, Orr, Piers, Peers, Pitch, Pytch, Porter Redtide, Blacktide, Riggs, Riggett, Sailor, Saylor, Sailer, Sayler, Salt, Seasalt, Saltman, Seabreeze, Seaman, Season, Seeman, Ships, Schipps, Shipps, Shipman, Schippman, Shore, Shoreman, Singer, Star, Starr, Stern, Sterne, Storm, Storms, Swimmer, Shwimmer, Swymmer, Tar, Tarr, Tidewater, Tuggs, Tugman, Waters, Watters, Waterman, Whitewater, Anvill, Anvilson, Bellows, Black, Blackiron, Copper, Coppers, Farrier, Fletcher, Fletchett, Forger, Forgeman, Goldsmith, Grey, Greysteel, Hammer, Hammett, Irons, Yrons, Ironsmith, Ironshoe, Ironhoof, Kettle, Kettleblack, Kettleman, Potts, Pott, Pottaker, Pound, Poundstone, Shields, Shieldson, Slagg, Slagman, Smith, Smyth, Smitts, Smittens, Smitty, Smythett, Smoke, Smoker, Steel, Steele, Steelman, Swords, Swordson, Tinn, Tinman, Tynn, Tyne, Tine, Ackes, Ax, Archer, Bailey, Banner, Bannerman, Bay, Bayes, Bones, Boots, Bootes, Bowman, Chestnut, Colt, Colter, Dice, Dyce, Dycen, Dyson, Flagg, Flag, Helms, Hightower, Knight, Leathers, Lethers, March, Marcher, Mares, Mayr, Mair, Marks, Mercer, Pike, Pikes, Pyke, Pykes, Pikeman, Pykeman, Poleman, Polman, Rider, Ryder, Shields, Shieldson, Slaughter, Spears, Speers, Swords, Swordson, Towers, Wahl, Wall, Wahls, Walls, Waller, Brand, Carrier, Carryer, Carter, Carton, Cartwright, Chestnut, Colt, Colter, Driver, Dryver, Foote, Handler, Mares, Mayr, Mair, Porter, Quicke, Quick, Reines, Reynes, Reins, Reyns, Rider, Ryder, Ryde, Saddler, Stall, Stalls, Staller, Stallworth, Stallman, Swift, Swyft, Trainor, Trainer, Wain, Wayne, Wayn, Wainwright, Waynwright, Banks, Bankes, Black, Blacktide, Greentide, Boggs, Bogg, Bogs, Bull, Buzzfly, Blackfly, Shoefly, Cray, Craw, Cricketts, Crickets, Darkwater, Dragonfly, Dragon, Eeler, Ealer, Eeles, Eales, Fisher, Fishman, Frogg, Frogman, Green, Greene, Greenwater, Blackwater, Grey, Gray, Grove, Groves, Hook, Hooke, Hopper, Marsh, Mayfly, May, Moss, Mosstree, Greentree, Poisonweed, Poisonwood, Polly, Pollywog, Polliwog, Rafman, Raftman, Ratt, Ratman, Reed, Reede, Reedy, River, Rivers, Rotten, Rotman, Scales, Greenscale, Blackscale, Shell, Shellman, Sheller, Shelley, Skeeter, Skito, Small, Smalls, Snails, Snailman, Stillwater, Swimmer, Shwimmer, Swymmer, Thick, Thicke, Tidewater, Vines, Waters, Watters, Wurms, Worms, Alley, Allie, Bailey, Bell, Berg, Berger, Burg, Burger, Brickman, Brickhouse, Bridges, Court, Gardner, Gardiner, Hall, Heap, Hightower, Hood, House, Lane, Lain, Laine, Lodge, Lodges, Park, Parks, Plaza, Rhoads, Rhodes, Roades, Roof, Spanner, Stairs, Street, Streets, Towers, Towns, Townsend, Townes, Towny, Towney, Vista, Wall, Wahl, Woodhouse, Ackes, Ax, Archer, Berry, Biggs, Bigg, Birch, Byrch, Bird, Byrd, Birdett, Byrdman, Bloom, Bowman, Branch, Brush, Buck, Deere, Deerman, Doe, Feller, Fletcher, Flowers, Forester, Forrester, Forrest, Fox, Foxx, Gardner, Gardener, Gardiner, Green, Greene, Grove, Groves, Harper, Hatchet, Hunter, Huntsman, Hyde, Hides, Hydes, Jack, Lodge, Lodges, Meadows, Mole, Moler, Moller, Moss, Mosstree, Greentree, Oaks, Oakes, Pine, Pines, Pyne, Pynes, Sawyer, Silver, Silvermoon, Singer, Springs, Springer, Strider, Stryder, Tanner, Tannerman, Thick, Thicke, Walker, Woods, Wood, Woode, Wooden, Woodyn